gender,action,pred_action,default,default_pred
female,default,default,1,1
female,default,default,1,1
female,default,default,1,1
female,default,default,1,1
female,default,default,1,1
female,default,default,1,1
female,default,default,1,1
female,default,default,1,1
female,default,default,1,1
female,default,default,1,1
female,default,default,1,1
female,default,default,1,1
female,default,default,1,1
female,default,default,1,1
female,default,default,1,1
female,default,default,1,1
female,default,default,1,1
female,default,default,1,1
female,default,default,1,1
female,default,default,1,1
female,default,default,1,1
female,default,default,1,1
female,default,default,1,1
female,default,default,1,1
female,default,default,1,1
female,default,default,1,1
female,default,default,1,1
female,default,default,1,1
female,default,default,1,1
female,default,default,1,1
female,default,default,1,1
female,default,default,1,1
female,default,default,1,1
female,default,default,1,1
female,default,default,1,1
female,default,default,1,1
female,default,default,1,1
female,default,default,1,1
female,default,default,1,1
female,default,default,1,1
female,default,default,1,1
female,default,default,1,1
female,default,default,1,1
female,default,default,1,1
female,default,default,1,1
female,default,default,1,1
female,default,default,1,1
female,default,default,1,1
female,default,default,1,1
female,default,default,1,1
female,default,default,1,1
female,default,default,1,1
female,default,default,1,1
female,default,default,1,1
female,default,default,1,1
female,default,default,1,1
female,default,default,1,1
female,default,default,1,1
female,default,default,1,1
female,default,default,1,1
female,default,default,1,1
female,default,default,1,1
female,default,default,1,1
female,default,default,1,1
female,default,default,1,1
female,default,default,1,1
female,default,default,1,1
female,default,default,1,1
female,default,default,1,1
female,default,default,1,1
female,default,default,1,1
female,default,default,1,1
female,default,default,1,1
female,default,default,1,1
female,default,default,1,1
female,default,default,1,1
female,default,default,1,1
female,default,default,1,1
female,default,default,1,1
female,default,default,1,1
female,default,default,1,1
female,default,default,1,1
female,default,default,1,1
female,default,default,1,1
female,default,default,1,1
female,default,default,1,1
female,default,default,1,1
female,default,default,1,1
female,default,default,1,1
female,default,default,1,1
female,default,default,1,1
female,default,default,1,1
female,default,default,1,1
female,default,default,1,1
female,default,default,1,1
female,default,default,1,1
female,default,default,1,1
female,default,default,1,1
female,default,default,1,1
female,default,default,1,1
female,nodefault,default,0,1
female,nodefault,default,0,1
female,nodefault,default,0,1
female,nodefault,default,0,1
female,nodefault,default,0,1
female,nodefault,default,0,1
female,nodefault,default,0,1
female,nodefault,default,0,1
female,nodefault,default,0,1
female,nodefault,default,0,1
female,nodefault,default,0,1
female,nodefault,default,0,1
female,nodefault,default,0,1
female,nodefault,default,0,1
female,nodefault,default,0,1
female,nodefault,default,0,1
female,nodefault,default,0,1
female,nodefault,default,0,1
female,nodefault,default,0,1
female,nodefault,default,0,1
female,nodefault,default,0,1
female,nodefault,default,0,1
female,nodefault,default,0,1
female,nodefault,default,0,1
female,nodefault,default,0,1
female,nodefault,default,0,1
female,nodefault,default,0,1
female,nodefault,default,0,1
female,nodefault,default,0,1
female,nodefault,default,0,1
female,nodefault,default,0,1
female,nodefault,default,0,1
female,nodefault,default,0,1
female,nodefault,default,0,1
female,nodefault,default,0,1
female,nodefault,default,0,1
female,nodefault,default,0,1
female,nodefault,default,0,1
female,nodefault,default,0,1
female,nodefault,default,0,1
female,nodefault,default,0,1
female,nodefault,default,0,1
female,nodefault,default,0,1
female,nodefault,default,0,1
female,nodefault,default,0,1
female,nodefault,default,0,1
female,nodefault,default,0,1
female,nodefault,default,0,1
female,nodefault,default,0,1
female,nodefault,default,0,1
female,nodefault,default,0,1
female,nodefault,default,0,1
female,nodefault,default,0,1
female,nodefault,default,0,1
female,nodefault,default,0,1
female,nodefault,default,0,1
female,nodefault,default,0,1
female,nodefault,default,0,1
female,nodefault,default,0,1
female,nodefault,default,0,1
female,nodefault,default,0,1
female,nodefault,default,0,1
female,nodefault,default,0,1
female,nodefault,default,0,1
female,nodefault,default,0,1
female,nodefault,default,0,1
female,nodefault,default,0,1
female,nodefault,default,0,1
female,nodefault,default,0,1
female,nodefault,default,0,1
female,nodefault,default,0,1
female,nodefault,default,0,1
female,nodefault,default,0,1
female,nodefault,default,0,1
female,nodefault,default,0,1
female,nodefault,default,0,1
female,nodefault,default,0,1
female,nodefault,default,0,1
female,nodefault,default,0,1
female,nodefault,default,0,1
female,nodefault,default,0,1
female,nodefault,default,0,1
female,nodefault,default,0,1
female,nodefault,default,0,1
female,nodefault,default,0,1
female,nodefault,default,0,1
female,nodefault,default,0,1
female,nodefault,default,0,1
female,nodefault,default,0,1
female,nodefault,default,0,1
female,nodefault,default,0,1
female,nodefault,default,0,1
female,nodefault,default,0,1
female,nodefault,default,0,1
female,nodefault,default,0,1
female,nodefault,default,0,1
female,nodefault,default,0,1
female,nodefault,default,0,1
female,nodefault,default,0,1
female,nodefault,default,0,1
female,nodefault,default,0,1
female,nodefault,default,0,1
female,nodefault,default,0,1
female,nodefault,default,0,1
female,nodefault,default,0,1
female,nodefault,default,0,1
female,nodefault,default,0,1
female,nodefault,default,0,1
female,nodefault,nodefault,0,0
female,nodefault,nodefault,0,0
female,nodefault,nodefault,0,0
female,nodefault,nodefault,0,0
female,nodefault,nodefault,0,0
female,nodefault,nodefault,0,0
female,nodefault,nodefault,0,0
female,nodefault,nodefault,0,0
female,nodefault,nodefault,0,0
female,nodefault,nodefault,0,0
female,nodefault,nodefault,0,0
female,nodefault,nodefault,0,0
female,nodefault,nodefault,0,0
female,nodefault,nodefault,0,0
female,nodefault,nodefault,0,0
female,nodefault,nodefault,0,0
female,nodefault,nodefault,0,0
female,nodefault,nodefault,0,0
female,nodefault,nodefault,0,0
female,nodefault,nodefault,0,0
female,nodefault,nodefault,0,0
female,nodefault,nodefault,0,0
female,nodefault,nodefault,0,0
female,nodefault,nodefault,0,0
female,nodefault,nodefault,0,0
female,nodefault,nodefault,0,0
female,nodefault,nodefault,0,0
female,nodefault,nodefault,0,0
female,nodefault,nodefault,0,0
female,nodefault,nodefault,0,0
female,nodefault,nodefault,0,0
female,nodefault,nodefault,0,0
female,nodefault,nodefault,0,0
female,nodefault,nodefault,0,0
female,nodefault,nodefault,0,0
female,nodefault,nodefault,0,0
female,nodefault,nodefault,0,0
female,nodefault,nodefault,0,0
female,nodefault,nodefault,0,0
female,nodefault,nodefault,0,0
female,nodefault,nodefault,0,0
female,nodefault,nodefault,0,0
female,nodefault,nodefault,0,0
female,nodefault,nodefault,0,0
female,nodefault,nodefault,0,0
female,nodefault,nodefault,0,0
female,nodefault,nodefault,0,0
female,nodefault,nodefault,0,0
female,nodefault,nodefault,0,0
female,nodefault,nodefault,0,0
female,nodefault,nodefault,0,0
female,nodefault,nodefault,0,0
female,nodefault,nodefault,0,0
female,nodefault,nodefault,0,0
female,nodefault,nodefault,0,0
female,nodefault,nodefault,0,0
female,nodefault,nodefault,0,0
female,nodefault,nodefault,0,0
female,nodefault,nodefault,0,0
female,nodefault,nodefault,0,0
female,nodefault,nodefault,0,0
female,nodefault,nodefault,0,0
female,nodefault,nodefault,0,0
female,nodefault,nodefault,0,0
female,nodefault,nodefault,0,0
female,nodefault,nodefault,0,0
female,nodefault,nodefault,0,0
female,nodefault,nodefault,0,0
female,nodefault,nodefault,0,0
female,nodefault,nodefault,0,0
female,nodefault,nodefault,0,0
female,nodefault,nodefault,0,0
female,nodefault,nodefault,0,0
female,nodefault,nodefault,0,0
female,nodefault,nodefault,0,0
female,nodefault,nodefault,0,0
female,nodefault,nodefault,0,0
female,nodefault,nodefault,0,0
female,nodefault,nodefault,0,0
female,nodefault,nodefault,0,0
female,nodefault,nodefault,0,0
female,nodefault,nodefault,0,0
female,nodefault,nodefault,0,0
female,nodefault,nodefault,0,0
female,nodefault,nodefault,0,0
female,nodefault,nodefault,0,0
female,nodefault,nodefault,0,0
female,nodefault,nodefault,0,0
female,nodefault,nodefault,0,0
female,nodefault,nodefault,0,0
female,nodefault,nodefault,0,0
female,nodefault,nodefault,0,0
male,default,default,1,1
male,default,default,1,1
male,default,default,1,1
male,default,default,1,1
male,default,default,1,1
male,default,default,1,1
male,default,default,1,1
male,default,default,1,1
male,default,default,1,1
male,default,default,1,1
male,default,default,1,1
male,default,default,1,1
male,default,default,1,1
male,default,default,1,1
male,default,default,1,1
male,default,default,1,1
male,default,default,1,1
male,default,default,1,1
male,default,default,1,1
male,default,default,1,1
male,default,default,1,1
male,default,default,1,1
male,default,default,1,1
male,default,default,1,1
male,default,default,1,1
male,default,default,1,1
male,default,default,1,1
male,default,default,1,1
male,default,default,1,1
male,default,default,1,1
male,default,default,1,1
male,default,default,1,1
male,default,default,1,1
male,default,default,1,1
male,default,default,1,1
male,default,default,1,1
male,default,default,1,1
male,default,default,1,1
male,default,default,1,1
male,default,default,1,1
male,default,default,1,1
male,default,default,1,1
male,default,default,1,1
male,default,default,1,1
male,default,default,1,1
male,default,default,1,1
male,default,default,1,1
male,default,default,1,1
male,default,default,1,1
male,default,default,1,1
male,default,default,1,1
male,default,default,1,1
male,default,default,1,1
male,default,default,1,1
male,default,default,1,1
male,default,default,1,1
male,default,default,1,1
male,default,default,1,1
male,default,default,1,1
male,default,default,1,1
male,default,default,1,1
male,default,default,1,1
male,default,default,1,1
male,default,default,1,1
male,default,default,1,1
male,default,default,1,1
male,default,default,1,1
male,default,default,1,1
male,default,default,1,1
male,default,default,1,1
male,default,default,1,1
male,default,default,1,1
male,default,default,1,1
male,default,default,1,1
male,default,default,1,1
male,default,default,1,1
male,default,default,1,1
male,default,default,1,1
male,default,default,1,1
male,default,default,1,1
male,default,default,1,1
male,default,default,1,1
male,default,default,1,1
male,default,default,1,1
male,default,default,1,1
male,default,default,1,1
male,default,default,1,1
male,default,default,1,1
male,default,default,1,1
male,default,default,1,1
male,default,default,1,1
male,default,default,1,1
male,default,default,1,1
male,default,default,1,1
male,default,default,1,1
male,default,default,1,1
male,default,default,1,1
male,default,default,1,1
male,default,default,1,1
male,default,default,1,1
male,default,default,1,1
male,default,default,1,1
male,default,default,1,1
male,default,default,1,1
male,default,default,1,1
male,default,default,1,1
male,default,default,1,1
male,default,default,1,1
male,default,default,1,1
male,default,default,1,1
male,default,default,1,1
male,default,default,1,1
male,default,default,1,1
male,default,default,1,1
male,default,default,1,1
male,default,default,1,1
male,default,default,1,1
male,default,default,1,1
male,default,default,1,1
male,default,default,1,1
male,default,default,1,1
male,default,default,1,1
male,default,default,1,1
male,default,default,1,1
male,default,default,1,1
male,default,default,1,1
male,default,default,1,1
male,default,default,1,1
male,default,default,1,1
male,default,default,1,1
male,default,default,1,1
male,default,default,1,1
male,default,default,1,1
male,default,default,1,1
male,default,default,1,1
male,default,default,1,1
male,default,default,1,1
male,default,default,1,1
male,default,default,1,1
male,default,default,1,1
male,default,default,1,1
male,default,default,1,1
male,default,default,1,1
male,default,default,1,1
male,default,default,1,1
male,default,default,1,1
male,default,default,1,1
male,default,default,1,1
male,default,default,1,1
male,default,default,1,1
male,default,default,1,1
male,default,default,1,1
male,default,default,1,1
male,default,default,1,1
male,default,default,1,1
male,default,default,1,1
male,default,default,1,1
male,default,default,1,1
male,default,default,1,1
male,default,default,1,1
male,default,default,1,1
male,default,default,1,1
male,default,default,1,1
male,default,default,1,1
male,default,default,1,1
male,default,default,1,1
male,default,default,1,1
male,default,default,1,1
male,default,default,1,1
male,default,default,1,1
male,default,default,1,1
male,default,default,1,1
male,default,default,1,1
male,default,default,1,1
male,default,default,1,1
male,default,default,1,1
male,default,default,1,1
male,default,default,1,1
male,default,default,1,1
male,default,default,1,1
male,default,default,1,1
male,default,default,1,1
male,default,default,1,1
male,default,default,1,1
male,default,default,1,1
male,default,default,1,1
male,default,default,1,1
male,default,default,1,1
male,default,default,1,1
male,default,default,1,1
male,default,default,1,1
male,default,default,1,1
male,default,default,1,1
male,default,default,1,1
male,default,default,1,1
male,default,default,1,1
male,default,default,1,1
male,default,default,1,1
male,default,default,1,1
male,default,default,1,1
male,default,default,1,1
male,default,default,1,1
male,default,default,1,1
male,default,default,1,1
male,default,default,1,1
male,default,default,1,1
male,default,default,1,1
male,default,default,1,1
male,default,default,1,1
male,default,default,1,1
male,default,default,1,1
male,default,default,1,1
male,default,default,1,1
male,default,default,1,1
male,default,default,1,1
male,default,default,1,1
male,default,nodefault,1,0
male,default,nodefault,1,0
male,default,nodefault,1,0
male,default,nodefault,1,0
male,default,nodefault,1,0
male,default,nodefault,1,0
male,default,nodefault,1,0
male,default,nodefault,1,0
male,default,nodefault,1,0
male,default,nodefault,1,0
male,default,nodefault,1,0
male,default,nodefault,1,0
male,default,nodefault,1,0
male,default,nodefault,1,0
male,default,nodefault,1,0
male,default,nodefault,1,0
male,default,nodefault,1,0
male,default,nodefault,1,0
male,default,nodefault,1,0
male,default,nodefault,1,0
male,default,nodefault,1,0
male,default,nodefault,1,0
male,default,nodefault,1,0
male,default,nodefault,1,0
male,default,nodefault,1,0
male,default,nodefault,1,0
male,default,nodefault,1,0
male,default,nodefault,1,0
male,default,nodefault,1,0
male,default,nodefault,1,0
male,default,nodefault,1,0
male,default,nodefault,1,0
male,default,nodefault,1,0
male,default,nodefault,1,0
male,default,nodefault,1,0
male,default,nodefault,1,0
male,default,nodefault,1,0
male,default,nodefault,1,0
male,default,nodefault,1,0
male,default,nodefault,1,0
male,default,nodefault,1,0
male,default,nodefault,1,0
male,default,nodefault,1,0
male,default,nodefault,1,0
male,default,nodefault,1,0
male,default,nodefault,1,0
male,default,nodefault,1,0
male,default,nodefault,1,0
male,default,nodefault,1,0
male,default,nodefault,1,0
male,default,nodefault,1,0
male,default,nodefault,1,0
male,default,nodefault,1,0
male,default,nodefault,1,0
male,default,nodefault,1,0
male,default,nodefault,1,0
male,default,nodefault,1,0
male,default,nodefault,1,0
male,default,nodefault,1,0
male,default,nodefault,1,0
male,default,nodefault,1,0
male,default,nodefault,1,0
male,default,nodefault,1,0
male,default,nodefault,1,0
male,default,nodefault,1,0
male,default,nodefault,1,0
male,default,nodefault,1,0
male,default,nodefault,1,0
male,default,nodefault,1,0
male,default,nodefault,1,0
male,default,nodefault,1,0
male,default,nodefault,1,0
male,default,nodefault,1,0
male,default,nodefault,1,0
male,default,nodefault,1,0
male,default,nodefault,1,0
male,default,nodefault,1,0
male,default,nodefault,1,0
male,default,nodefault,1,0
male,default,nodefault,1,0
male,default,nodefault,1,0
male,default,nodefault,1,0
male,default,nodefault,1,0
male,default,nodefault,1,0
male,default,nodefault,1,0
male,default,nodefault,1,0
male,default,nodefault,1,0
male,default,nodefault,1,0
male,default,nodefault,1,0
male,default,nodefault,1,0
male,default,nodefault,1,0
male,default,nodefault,1,0
male,default,nodefault,1,0
male,default,nodefault,1,0
male,default,nodefault,1,0
male,default,nodefault,1,0
male,default,nodefault,1,0
male,default,nodefault,1,0
male,default,nodefault,1,0
male,default,nodefault,1,0
male,default,nodefault,1,0
male,default,nodefault,1,0
male,default,nodefault,1,0
male,default,nodefault,1,0
male,default,nodefault,1,0
male,default,nodefault,1,0
male,default,nodefault,1,0
male,default,nodefault,1,0
male,default,nodefault,1,0
male,default,nodefault,1,0
male,default,nodefault,1,0
male,default,nodefault,1,0
male,default,nodefault,1,0
male,default,nodefault,1,0
male,default,nodefault,1,0
male,default,nodefault,1,0
male,default,nodefault,1,0
male,default,nodefault,1,0
male,default,nodefault,1,0
male,default,nodefault,1,0
male,default,nodefault,1,0
male,default,nodefault,1,0
male,default,nodefault,1,0
male,default,nodefault,1,0
male,default,nodefault,1,0
male,default,nodefault,1,0
male,default,nodefault,1,0
male,default,nodefault,1,0
male,default,nodefault,1,0
male,default,nodefault,1,0
male,default,nodefault,1,0
male,default,nodefault,1,0
male,default,nodefault,1,0
male,default,nodefault,1,0
male,default,nodefault,1,0
male,default,nodefault,1,0
male,default,nodefault,1,0
male,default,nodefault,1,0
male,default,nodefault,1,0
male,default,nodefault,1,0
male,default,nodefault,1,0
male,default,nodefault,1,0
male,default,nodefault,1,0
male,default,nodefault,1,0
male,nodefault,nodefault,0,0
male,nodefault,nodefault,0,0
male,nodefault,nodefault,0,0
male,nodefault,nodefault,0,0
male,nodefault,nodefault,0,0
male,nodefault,nodefault,0,0
male,nodefault,nodefault,0,0
male,nodefault,nodefault,0,0
male,nodefault,nodefault,0,0
male,nodefault,nodefault,0,0
male,nodefault,nodefault,0,0
male,nodefault,nodefault,0,0
male,nodefault,nodefault,0,0
male,nodefault,nodefault,0,0
male,nodefault,nodefault,0,0
male,nodefault,nodefault,0,0
male,nodefault,nodefault,0,0
male,nodefault,nodefault,0,0
male,nodefault,nodefault,0,0
male,nodefault,nodefault,0,0
male,nodefault,nodefault,0,0
male,nodefault,nodefault,0,0
male,nodefault,nodefault,0,0
male,nodefault,nodefault,0,0
male,nodefault,nodefault,0,0
male,nodefault,nodefault,0,0
male,nodefault,nodefault,0,0
male,nodefault,nodefault,0,0
male,nodefault,nodefault,0,0
male,nodefault,nodefault,0,0
male,nodefault,nodefault,0,0
male,nodefault,nodefault,0,0
male,nodefault,nodefault,0,0
male,nodefault,nodefault,0,0
male,nodefault,nodefault,0,0
male,nodefault,nodefault,0,0
male,nodefault,nodefault,0,0
male,nodefault,nodefault,0,0
male,nodefault,nodefault,0,0
male,nodefault,nodefault,0,0
male,nodefault,nodefault,0,0
male,nodefault,nodefault,0,0
male,nodefault,nodefault,0,0
male,nodefault,nodefault,0,0
male,nodefault,nodefault,0,0
male,nodefault,nodefault,0,0
male,nodefault,nodefault,0,0
male,nodefault,nodefault,0,0
male,nodefault,nodefault,0,0
male,nodefault,nodefault,0,0
male,nodefault,nodefault,0,0
male,nodefault,nodefault,0,0
male,nodefault,nodefault,0,0
male,nodefault,nodefault,0,0
male,nodefault,nodefault,0,0
male,nodefault,nodefault,0,0
male,nodefault,nodefault,0,0
male,nodefault,nodefault,0,0
male,nodefault,nodefault,0,0
male,nodefault,nodefault,0,0
male,nodefault,nodefault,0,0
male,nodefault,nodefault,0,0
male,nodefault,nodefault,0,0
male,nodefault,nodefault,0,0
male,nodefault,nodefault,0,0
male,nodefault,nodefault,0,0
male,nodefault,nodefault,0,0
male,nodefault,nodefault,0,0
male,nodefault,nodefault,0,0
male,nodefault,nodefault,0,0
male,nodefault,nodefault,0,0
male,nodefault,nodefault,0,0
male,nodefault,nodefault,0,0
male,nodefault,nodefault,0,0
male,nodefault,nodefault,0,0
male,nodefault,nodefault,0,0
male,nodefault,nodefault,0,0
male,nodefault,nodefault,0,0
male,nodefault,nodefault,0,0
male,nodefault,nodefault,0,0
male,nodefault,nodefault,0,0
male,nodefault,nodefault,0,0
male,nodefault,nodefault,0,0
male,nodefault,nodefault,0,0
male,nodefault,nodefault,0,0
male,nodefault,nodefault,0,0
male,nodefault,nodefault,0,0
male,nodefault,nodefault,0,0
male,nodefault,nodefault,0,0
male,nodefault,nodefault,0,0
male,nodefault,nodefault,0,0
male,nodefault,nodefault,0,0
male,nodefault,nodefault,0,0
male,nodefault,nodefault,0,0
male,nodefault,nodefault,0,0
male,nodefault,nodefault,0,0
male,nodefault,nodefault,0,0
male,nodefault,nodefault,0,0
male,nodefault,nodefault,0,0
male,nodefault,nodefault,0,0
male,nodefault,nodefault,0,0
male,nodefault,nodefault,0,0
male,nodefault,nodefault,0,0
male,nodefault,nodefault,0,0
male,nodefault,nodefault,0,0
male,nodefault,nodefault,0,0
male,nodefault,nodefault,0,0
male,nodefault,nodefault,0,0
male,nodefault,nodefault,0,0
male,nodefault,nodefault,0,0
male,nodefault,nodefault,0,0
male,nodefault,nodefault,0,0
male,nodefault,nodefault,0,0
male,nodefault,nodefault,0,0
male,nodefault,nodefault,0,0
male,nodefault,nodefault,0,0
male,nodefault,nodefault,0,0
male,nodefault,nodefault,0,0
male,nodefault,nodefault,0,0
male,nodefault,nodefault,0,0
male,nodefault,nodefault,0,0
male,nodefault,nodefault,0,0
male,nodefault,nodefault,0,0
male,nodefault,nodefault,0,0
male,nodefault,nodefault,0,0
male,nodefault,nodefault,0,0
male,nodefault,nodefault,0,0
male,nodefault,nodefault,0,0
male,nodefault,nodefault,0,0
male,nodefault,nodefault,0,0
male,nodefault,nodefault,0,0
male,nodefault,nodefault,0,0
male,nodefault,nodefault,0,0
male,nodefault,nodefault,0,0
male,nodefault,nodefault,0,0
male,nodefault,nodefault,0,0
male,nodefault,nodefault,0,0
male,nodefault,nodefault,0,0
male,nodefault,nodefault,0,0
male,nodefault,nodefault,0,0
male,nodefault,nodefault,0,0
male,nodefault,nodefault,0,0
male,nodefault,nodefault,0,0
male,nodefault,nodefault,0,0
male,nodefault,nodefault,0,0
male,nodefault,nodefault,0,0
male,nodefault,nodefault,0,0
male,nodefault,nodefault,0,0
male,nodefault,nodefault,0,0
male,nodefault,nodefault,0,0
male,nodefault,nodefault,0,0
male,nodefault,nodefault,0,0
male,nodefault,nodefault,0,0
male,nodefault,nodefault,0,0
male,nodefault,nodefault,0,0
male,nodefault,nodefault,0,0
male,nodefault,nodefault,0,0
male,nodefault,nodefault,0,0
male,nodefault,nodefault,0,0
male,nodefault,nodefault,0,0
male,nodefault,nodefault,0,0
male,nodefault,nodefault,0,0
male,nodefault,nodefault,0,0
male,nodefault,nodefault,0,0
male,nodefault,nodefault,0,0
male,nodefault,nodefault,0,0
male,nodefault,nodefault,0,0
male,nodefault,nodefault,0,0
male,nodefault,nodefault,0,0
male,nodefault,nodefault,0,0
male,nodefault,nodefault,0,0
male,nodefault,nodefault,0,0
male,nodefault,nodefault,0,0
male,nodefault,nodefault,0,0
male,nodefault,nodefault,0,0
male,nodefault,nodefault,0,0
male,nodefault,nodefault,0,0
male,nodefault,nodefault,0,0
male,nodefault,nodefault,0,0
male,nodefault,nodefault,0,0
male,nodefault,nodefault,0,0
male,nodefault,nodefault,0,0
male,nodefault,nodefault,0,0
male,nodefault,nodefault,0,0
male,nodefault,nodefault,0,0
male,nodefault,nodefault,0,0
male,nodefault,nodefault,0,0
male,nodefault,nodefault,0,0
male,nodefault,nodefault,0,0
male,nodefault,nodefault,0,0
male,nodefault,nodefault,0,0
male,nodefault,nodefault,0,0
male,nodefault,nodefault,0,0
male,nodefault,nodefault,0,0
male,nodefault,nodefault,0,0
male,nodefault,nodefault,0,0
male,nodefault,nodefault,0,0
male,nodefault,nodefault,0,0
male,nodefault,nodefault,0,0
male,nodefault,nodefault,0,0
male,nodefault,nodefault,0,0
male,nodefault,nodefault,0,0
male,nodefault,nodefault,0,0
male,nodefault,nodefault,0,0
male,nodefault,nodefault,0,0
male,nodefault,nodefault,0,0
male,nodefault,nodefault,0,0
male,nodefault,nodefault,0,0
male,nodefault,nodefault,0,0
male,nodefault,nodefault,0,0
male,nodefault,nodefault,0,0
male,nodefault,nodefault,0,0
male,nodefault,nodefault,0,0
male,nodefault,nodefault,0,0
male,nodefault,nodefault,0,0
male,nodefault,nodefault,0,0
male,nodefault,nodefault,0,0
male,nodefault,nodefault,0,0
male,nodefault,nodefault,0,0
male,nodefault,nodefault,0,0
male,nodefault,nodefault,0,0
male,nodefault,nodefault,0,0
male,nodefault,nodefault,0,0
male,nodefault,nodefault,0,0
male,nodefault,nodefault,0,0
male,nodefault,nodefault,0,0
male,nodefault,nodefault,0,0
male,nodefault,nodefault,0,0
male,nodefault,nodefault,0,0
male,nodefault,nodefault,0,0
male,nodefault,nodefault,0,0
male,nodefault,nodefault,0,0
male,nodefault,nodefault,0,0
male,nodefault,nodefault,0,0
male,nodefault,nodefault,0,0
male,nodefault,nodefault,0,0
male,nodefault,nodefault,0,0
male,nodefault,nodefault,0,0
male,nodefault,nodefault,0,0
male,nodefault,nodefault,0,0
male,nodefault,nodefault,0,0
male,nodefault,nodefault,0,0
male,nodefault,nodefault,0,0
male,nodefault,nodefault,0,0
male,nodefault,nodefault,0,0
male,nodefault,nodefault,0,0
male,nodefault,nodefault,0,0
male,nodefault,nodefault,0,0
male,nodefault,nodefault,0,0
male,nodefault,nodefault,0,0
male,nodefault,nodefault,0,0
male,nodefault,nodefault,0,0
male,nodefault,nodefault,0,0
male,nodefault,nodefault,0,0
male,nodefault,nodefault,0,0
male,nodefault,nodefault,0,0
male,nodefault,nodefault,0,0
male,nodefault,nodefault,0,0
male,nodefault,nodefault,0,0
male,nodefault,nodefault,0,0
male,nodefault,nodefault,0,0
male,nodefault,nodefault,0,0
male,nodefault,nodefault,0,0
male,nodefault,nodefault,0,0
male,nodefault,nodefault,0,0
male,nodefault,nodefault,0,0
male,nodefault,nodefault,0,0
male,nodefault,nodefault,0,0
male,nodefault,nodefault,0,0
male,nodefault,nodefault,0,0
male,nodefault,nodefault,0,0
male,nodefault,nodefault,0,0
male,nodefault,nodefault,0,0
male,nodefault,nodefault,0,0
male,nodefault,nodefault,0,0
male,nodefault,nodefault,0,0
male,nodefault,nodefault,0,0
male,nodefault,nodefault,0,0
male,nodefault,nodefault,0,0
male,nodefault,nodefault,0,0
male,nodefault,default,0,1
male,nodefault,default,0,1
male,nodefault,default,0,1
male,nodefault,default,0,1
male,nodefault,default,0,1
male,nodefault,default,0,1
male,nodefault,default,0,1
male,nodefault,default,0,1
male,nodefault,default,0,1
male,nodefault,default,0,1
male,nodefault,default,0,1
male,nodefault,default,0,1
male,nodefault,default,0,1
male,nodefault,default,0,1
male,nodefault,default,0,1
male,nodefault,default,0,1
male,nodefault,default,0,1
male,nodefault,default,0,1
male,nodefault,default,0,1
male,nodefault,default,0,1
male,nodefault,default,0,1
male,nodefault,default,0,1
male,nodefault,default,0,1
male,nodefault,default,0,1
male,nodefault,default,0,1
male,nodefault,default,0,1
male,nodefault,default,0,1
male,nodefault,default,0,1
male,nodefault,default,0,1
male,nodefault,default,0,1
male,nodefault,default,0,1
male,nodefault,default,0,1
male,nodefault,default,0,1
male,nodefault,default,0,1
male,nodefault,default,0,1
male,nodefault,default,0,1
male,nodefault,default,0,1
male,nodefault,default,0,1
male,nodefault,default,0,1
male,nodefault,default,0,1
male,nodefault,default,0,1
male,nodefault,default,0,1
male,nodefault,default,0,1
male,nodefault,default,0,1
male,nodefault,default,0,1
male,nodefault,default,0,1
male,nodefault,default,0,1
male,nodefault,default,0,1
male,nodefault,default,0,1
male,nodefault,default,0,1
male,nodefault,default,0,1
male,nodefault,default,0,1
male,nodefault,default,0,1
male,nodefault,default,0,1
male,nodefault,default,0,1
male,nodefault,default,0,1
male,nodefault,default,0,1
male,nodefault,default,0,1
male,nodefault,default,0,1
male,nodefault,default,0,1